8/26/2023,United%20States,Corporate Help Desk (AZ ONLY),Innova Solutions
8/26/2023,United%20States,Senior Programmer/Analyst,Falcon Smart IT (FalconSmartIT)
8/26/2023,United%20States,Windows Desktop Engineer,IT Motives
8/27/2023,United States,help desk,Help Desk Analyst- Tier II,Kelly Science, Engineering, Technology & Telecom
1/9/2024,United States,help desk,Field Service Technician,Gilson · Greater Seattle Area 1 day ago · 27 applicants
1/9/2024,United States,help desk,Remote IT Support - $70-$90k (Internal, Security),CyberCoders · Jacksonville, FL Reposted 1 hour ago · 8 applicants
1/9/2024,United States,help desk,ServiceNow Engineer,Alldus · United States Reposted 1 week ago · 328 applicants
1/9/2024,United States,help desk,ServiceNow Engineer,CBTS · United States 3 weeks ago · 391 applicants
1/9/2024,United States,help desk,Service Desk Analyst,Acro Service Corp · Phoenix, AZ 1 week ago · 390 applicants
1/9/2024,United States,help desk,Field Service Technician,Prolink · United States 5 days ago · 101 applicants
1/9/2024,United States,help desk,Remote IT Support - $70-$90k (Internal, Security),CyberCoders · Philadelphia, PA Reposted 2 hours ago · 9 applicants
1/10/2024,United States,help desk,Application Engineer,Growatt New Energy
